Descrição,Métrica,XGBoosting,Random Forest,Linear Regression
Primeira execução,RRSE,0.4227226847062422,0.29408482285258675,0.9355100362771138
Primeira execução,MAPE,0.06567459435523806,0.045037882383545884,0.1562028442315035
