Descrição,Métrica,XGBoosting,Random Forest,Linear Regression
Primeira execução,RRSE,0.6929011501881002,0.7212360856671788,0.9394448227378863
Primeira execução,MAPE,0.10364107666716442,0.10885860322654456,0.15358537448478704
Primeira execução,Tempo,0:00:01.427022,0:00:02.708563,0:00:00.002999
