Descrição,Métrica,XGBoosting,Random Forest,Linear Regression
Primeira execução,RRSE,0.6929011501881002,0.7218183020878096,0.9394448227378862
Primeira execução,MAPE,0.10364107666716442,0.10932657436959228,0.15358537448478715
Primeira execução,Tempo,1.20832,2.201128,0.1739
