Descrição,Métrica,XGBoosting,Random Forest,Linear Regression
Teste Clima,RRSE,0.6943001942678831,0.725259197744388,0.9160853504082752
Teste Clima,MAPE,0.1031040485254041,0.10950061092401095,0.1519430606843786
Teste Clima,Tempo,0:00:02.885372,0:00:02.388405,0:00:00.003001
