Descrição,Métrica,XGBoosting,Random Forest,Linear Regression
Teste Clima,RRSE,0.6943001942678831,0.7223512770945898,0.9160853504082752
Teste Clima,MAPE,0.1031040485254041,0.10922532265664034,0.1519430606843786
Teste Clima,Tempo,0:00:01.420000,0:00:02.321000,0:00:00.003000
