Descrição,Métrica,XGBoosting,Random Forest,Linear Regression
Primeira execução,RRSE,0.6929011501881002,0.7177182170539581,0.9394448227378863
Primeira execução,MAPE,0.10364107666716442,0.10886469517564319,0.15358537448478704
Primeira execução,Tempo,0:00:02.886090,0:00:02.755531,0:00:00.003961
